Workbook

Sheet Database_Stock
A1: 股票代碼 | B1: 股票名稱 | C1: 股票中文名稱 | D1: 公司名 | E1: 成交股數 | F1: 成交金額 | G1: 手續費 | H1: 實際總成本 | I1: 平均持股單價 | J1: 股價 | K1: 市值估算 | L1: 未實現損益估算 | M1: 損益(%)
A2: 2146.JP | B2: =VLOOKUP(A2,[1]Stock_Price!$A$1:$B$22, 2, FALSE) -> UT Group Co Ltd | C2: UT集團 | D2: GBM | E2: =17200*15 -> 258000 | F2: 49363800 | G2: 98727.601 | H2: 49462528 | I2: =H2/E2 -> 191.71523 | J2: =VLOOKUP(A2,[2]PSA日本持股股價!$A$1:$IR$10, 4, FALSE) -> 200 | K2: =J2*E2 -> 51600000 | L2: =K2-H2 -> 2137471.9 | M2: =J2/I2-1 -> 0.043213964
A3: 2503.JP | B3: =VLOOKUP(A3,[1]Stock_Price!$A$1:$B$22, 2, FALSE) -> Kirin Holdings Co Ltd | C3: 麒麟 | D3: HSB | E3: =[2]PSA日本持股下單記錄及損益!I6+[2]PSA日本持股下單記錄及損益!I22+[2]PSA日本持股下單記錄及損益!I24 -> 119300 | F3: =[2]PSA日本持股下單記錄及損益!J6+[2]PSA日本持股下單記錄及損益!J22+[2]PSA日本持股下單記錄及損益!J24 -> 2.5117167e+08 | G3: =[2]PSA日本持股下單記錄及損益!K6+[2]PSA日本持股下單記錄及損益!K22+[2]PSA日本持股下單記錄及損益!K24 -> 502343.35 | H3: =F3+G3 -> 2.5167402e+08 | I3: =H3/E3 -> 2109.5894 | J3: =VLOOKUP(A3,[2]PSA日本持股股價!$A$1:$IR$10, 4, FALSE) -> 2648 | K3: =J3*E3 -> 315906400 | L3: =K3-H3 -> 64232382 | M3: =J3/I3-1 -> 0.25522056
A4: 2503.JP | B4: =VLOOKUP(A4,[1]Stock_Price!$A$1:$B$22, 2, FALSE) -> Kirin Holdings Co Ltd | C4: 麒麟 | D4: WTC | E4: 185700 | F4: 4.1055114e+08 | G4: 821102.29 | H4: 4.1137225e+08 | I4: =H4/E4 -> 2215.2517 | J4: =VLOOKUP(A4,[2]PSA日本持股股價!$A$1:$IR$10, 4, FALSE) -> 2648 | K4: =J4*E4 -> 491733600 | L4: =K4-H4 -> 80361354 | M4: =J4/I4-1 -> 0.19534948
A5: 2914.JP | B5: =VLOOKUP(A5,[1]Stock_Price!$A$1:$B$22, 2, FALSE) -> Japan Tobacco Inc | C5: 日本菸草 | D5: HSB | E5: 52400 | F5: 2.3229927e+08 | G5: 464598.54 | H5: 2.3276387e+08 | I5: =H5/E5 -> 4442.0585 | J5: =VLOOKUP(A5,[2]PSA日本持股股價!$A$1:$IR$10, 4, FALSE) -> 6081 | K5: =J5*E5 -> 318644400 | L5: =K5-H5 -> 85880534 | M5: =J5/I5-1 -> 0.3689599
A6: 2914.JP | B6: =VLOOKUP(A6,[1]Stock_Price!$A$1:$B$22, 2, FALSE) -> Japan Tobacco Inc | C6: 日本菸草 | D6: WTC | E6: 90400 | F6: 4.1050444e+08 | G6: 821008.89 | H6: 4.1132545e+08 | I6: =H6/E6 -> 4550.0603 | J6: =VLOOKUP(A6,[2]PSA日本持股股價!$A$1:$IR$10, 4, FALSE) -> 6081 | K6: =J6*E6 -> 549722400 | L6: =K6-H6 -> 1.3839695e+08 | M6: =J6/I6-1 -> 0.3364658
A7: 6417.JP | B7: SNAKYO | C7: 三共柏青哥 | D7: WTC | E7: =[2]PSA日本持股下單記錄及損益!I29+[2]PSA日本持股下單記錄及損益!I32 -> 87490 | F7: =[2]PSA日本持股下單記錄及損益!J29+[2]PSA日本持股下單記錄及損益!J32 -> 1.9976515e+08 | G7: =[2]PSA日本持股下單記錄及損益!K29+[2]PSA日本持股下單記錄及損益!K32 -> 0 | H7: =[2]PSA日本持股下單記錄及損益!L29+[2]PSA日本持股下單記錄及損益!L32 -> 1.9976515e+08 | I7: =H7/E7 -> 2283.2913 | J7: =VLOOKUP(A7,[2]PSA日本持股股價!$A$1:$IR$10, 4, FALSE) -> 1970 | K7: =J7*E7 -> 172355300 | L7: =K7-H7 -> -27409853 | M7: =J7/I7-1 -> -0.13721038
A8: 6417.JP | B8: SNAKYO | C8: 三共柏青哥 | D8: HSB | E8: =[2]PSA日本持股下單記錄及損益!I30+[2]PSA日本持股下單記錄及損益!I31+[2]PSA日本持股下單記錄及損益!I33 -> 132980 | F8: =[2]PSA日本持股下單記錄及損益!J30+[2]PSA日本持股下單記錄及損益!J31+[2]PSA日本持股下單記錄及損益!J33 -> 2.9974457e+08 | G8: =[2]PSA日本持股下單記錄及損益!K30+[2]PSA日本持股下單記錄及損益!K31+[2]PSA日本持股下單記錄及損益!K33 -> 0 | H8: =[2]PSA日本持股下單記錄及損益!L30+[2]PSA日本持股下單記錄及損益!L31+[2]PSA日本持股下單記錄及損益!L33 -> 2.9974457e+08 | I8: =H8/E8 -> 2254.0576 | J8: =VLOOKUP(A8,[2]PSA日本持股股價!$A$1:$IR$10, 4, FALSE) -> 1970 | K8: =J8*E8 -> 261970600 | L8: =K8-H8 -> -37773974 | M8: =J8/I8-1 -> -0.12602054
A9: 6417.JP | B9: SNAKYO | C9: 三共柏青哥 | D9: GBM | E9: =[2]PSA日本持股下單記錄及損益!I34 -> 44300 | F9: =[2]PSA日本持股下單記錄及損益!J34 -> 99797114 | G9: =[2]PSA日本持股下單記錄及損益!K34 -> 0 | H9: =[2]PSA日本持股下單記錄及損益!L34 -> 99797114 | I9: =H9/E9 -> 2252.7565 | J9: =VLOOKUP(A9,[2]PSA日本持股股價!$A$1:$IR$10, 4, FALSE) -> 1970 | K9: =J9*E9 -> 87271000 | L9: =K9-H9 -> -12526114 | M9: =J9/I9-1 -> -0.12551579
A10: 8031.JP | B10: =VLOOKUP(A10,[1]Stock_Price!$A$1:$B$22, 2, FALSE) -> Mitsui & Co Ltd | C10: 三井物產 | D10: WTC | E10: 17800 | F10: 47881400 | G10: 95762.8 | H10: 47977163 | I10: =H10/E10 -> 2695.3462 | J10: =VLOOKUP(A10,[2]PSA日本持股股價!$A$1:$IR$10, 4, FALSE) -> 6361 | K10: =J10*E10 -> 113225800 | L10: =K10-H10 -> 65248637 | M10: =J10/I10-1 -> 1.3599937
A11: 8031.JP | B11: =VLOOKUP(A11,[1]Stock_Price!$A$1:$B$22, 2, FALSE) -> Mitsui & Co Ltd | C11: 三井物產 | D11: GBM | E11: 18400 | F11: 49922700 | G11: 99845.399 | H11: 50022545 | I11: =H11/E11 -> 2718.6166 | J11: =VLOOKUP(A11,[2]PSA日本持股股價!$A$1:$IR$10, 4, FALSE) -> 6361 | K11: =J11*E11 -> 117042400 | L11: =K11-H11 -> 67019855 | M11: =J11/I11-1 -> 1.339793
A12: 8601.JP | B12: Daiwa Securities Group | C12: 大和證券 | D12: GBM | E12: =[2]PSA日本持股下單記錄及損益!I26 -> 32094 | F12: =[2]PSA日本持股下單記錄及損益!J26 -> 29996682 | G12: 0 | H12: =F12+G12 -> 29996682 | I12: =H12/E12 -> 934.65078 | J12: =VLOOKUP(A12,[2]PSA日本持股股價!$A$1:$IR$10, 4, FALSE) -> 1563.5 | K12: =J12*E12 -> 50178969 | L12: =K12-H12 -> 20182287 | M12: =J12/I12-1 -> 0.67281731
A13: 8750.JP | B13: Daiichi Seimei Hoken Kabushiki Gaisha | C13: 第一生命 | D13: WTC | E13: =[2]PSA日本持股下單記錄及損益!I27 -> 90390 | F13: =[2]PSA日本持股下單記錄及損益!J27 -> 99989780 | G13: =[2]PSA日本持股下單記錄及損益!K27 -> 0 | H13: =[2]PSA日本持股下單記錄及損益!L27 -> 99989780 | I13: =H13/E13 -> 1106.204 | J13: =VLOOKUP(A13,[2]PSA日本持股股價!$A$1:$IR$10, 4, FALSE) -> 1533.5 | K13: =J13*E13 -> 138613065 | L13: =K13-H13 -> 38623285 | M13: =J13/I13-1 -> 0.38627233
A14: 8750.JP | B14: Daiichi Seimei Hoken Kabushiki Gaisha | C14: 第一生命 | D14: HSB | E14: =[3]PSA日本持股下單記錄及損益!I33 -> 90390 | F14: =[3]PSA日本持股下單記錄及損益!J33 -> 99989780 | G14: =[3]PSA日本持股下單記錄及損益!K33 -> 0 | H14: =[3]PSA日本持股下單記錄及損益!L33 -> 99989780 | I14: =H14/E14 -> 1106.204 | J14: =VLOOKUP(A14,[2]PSA日本持股股價!$A$1:$IR$10, 4, FALSE) -> 1533.5 | K14: =J14*E14 -> 138613065 | L14: =K14-H14 -> 38623285 | M14: =J14/I14-1 -> 0.38627233
A15: 9432.JP | B15: =VLOOKUP(A15,[1]Stock_Price!$A$1:$B$22, 2, FALSE) -> Nippon Telegraph & Telephone C | C15: 日本電報電話 | D15: HSB | E15: 1582100 | F15: 2.4942202e+08 | G15: 498844.04 | H15: 2.4992086e+08 | I15: =H15/E15 -> 157.9678 | J15: =VLOOKUP(A15,[2]PSA日本持股股價!$A$1:$IR$10, 4, FALSE) -> 155.3 | K15: =J15*E15 -> 2.4570013e+08 | L15: =K15-H15 -> -4220734.3 | M15: =J15/I15-1 -> -0.016888283
A16: 9432.JP | B16: =VLOOKUP(A16,[1]Stock_Price!$A$1:$B$22, 2, FALSE) -> Nippon Telegraph & Telephone C | C16: 日本電報電話 | D16: GBM | E16: 753900 | F16: 111968610 | G16: 373909 | H16: =F16+G16 -> 112342519 | I16: =H16/E16 -> 149.01515 | J16: =VLOOKUP(A16,[2]PSA日本持股股價!$A$1:$IR$10, 4, FALSE) -> 155.3 | K16: =J16*E16 -> 1.1708067e+08 | L16: =K16-H16 -> 4738151 | M16: =J16/I16-1 -> 0.042175937
